{
  "SYMBOL": "BTC-USD",
  "INTERVAL": "5m",
  "MODEL_TYPE": "HistGradientBoosting",
  "TRAINING_PERIOD": "60d",
  "BACKTEST_PERIOD": "60d",
  "START_CAPITAL": 10000,
  "MAKER_FEE_RATE": 0.0004,
  "TAKER_FEE_RATE": 0.0006,
  "STOP_LOSS_PCT": 0.01,
  "TAKE_PROFIT_PCT": 0.001,
  "BUY_PROB_THRESHOLD": 0.12,
  "CONFIDENCE_THRESHOLD": 0.65,
  "SIGNAL_EXIT_THRESHOLD": 0.25,
  "FUTURE_WINDOW": 24,
  "USE_OVERSAMPLING": true,
  "TEST_SIZE": 0.3,
  "_metadata": {
    "saved_at": "2025-08-09T00:11:57.180102",
    "name": "Proba1.json",
    "version": "1.0"
  }
}